,owner,repo,commit_sha,source
0,0xk1h0,PentestGPT,a6edb3053ef1b3e0c36286306bc95cd8e6ceb026,repo_summary.json
1,Abonia1,Context-Based-LLMChatbot,f21f7e157157d235e0b9ddd2fc997a7d33096da1,repo_summary.json
2,AgentJ-WR,Private-GPT-Flask,328bbc320a6dacc1a120cfcaf9c88e0fd001b381,repo_summary.json
3,AgentValley,chromadb-chatbot,48c10aa15ae4c0896fc282c4f1c4efdfccbd53bf,repo_summary.json
4,1Panel-dev,MaxKB,v2,repo_summary.json
5,All-Hands-AI,OpenHands,main,repo_summary.json
6,AntonOsika,gpt-engineer,main,repo_summary.json
7,AstrBotDevs,AstrBot,master,repo_summary.json
8,567-labs,instructor,main,repo_summary.json
9,Aider-AI,aider,7301d4522dd41738a4a3488f51e051766391653b,repo_summary.json
10,BillSchumacher,Auto-GPT,bdd07b18bea674cf756ebfb3a0a8915042d9126f,repo_summary.json
11,Azure-Samples,azure-search-openai-demo,main,repo_summary.json
12,Byaidu,PDFMathTranslate,main,repo_summary.json
13,ChuloAI,BrainChulo,f2d6753177ef9940dcb6994da03fbf5fd323a3b3,repo_summary.json
14,CloudDevStudios,Agent-LLM,f89aaebd761a4d016b8a61ee511330f5ed403fe9,repo_summary.json
15,Codium-ai,pr-agent,41166dc271039f9952c8086005f6c4b242021221,repo_summary.json
16,BlinkDL,RWKV-LM,main,repo_summary.json
17,DLR-RM,stable-baselines3,master,repo_summary.json
18,DanielSmith0831,DocsGPT,6b6737613ad934a28ae4251ffa9716465e6e35dd,repo_summary.json
19,Doriandarko,BabyAGIChatGPT,174491cbbc09d3f6ef0ec511e9e3b94e2615ffa0,repo_summary.json
20,EleutherAI,gpt-neo,master,repo_summary.json
21,EleutherAI,gpt-neox,main,repo_summary.json
22,EmbraceAGI,LocalAGI,f2fd7824ee270b8d45b336366ec885a14b809b8b,repo_summary.json
23,ATheorell,AutoGPTArenaHack,1e4f2dc004b92b9f236543674f94fb9f0af9bb2e,repo_summary.json
24,ExpressGit,langchain-ChatGLM,21035d7706b24956f845c65e1492690abbb07d8b,repo_summary.json
25,FOLLGAD,Godmode-GPT,4e1dc7055580ab9bb3ce85114f9e17950ac96d7b,repo_summary.json
26,GaiZhenbiao,ChuanhuChatGPT,main,repo_summary.json
27,EmbraceAGI,awesome-chatgpt-zh,main,repo_summary.json
28,GreyDGL,PentestGPT,a4e5361d76c880a9cf6f79f12e6cff90c8c01da3,repo_summary.json
29,Haste171,langchain-chatbot,f3999530d57eb8069d8b911024785d82ac5d003d,repo_summary.json
30,InternLM,lmdeploy,d7c28d3dbfdf75c9fed0d00e9784774575e2156c,repo_summary.json
31,Devansh968,Chat-with-Pdf-using-Qdrant-vector-database,771195f36a735a6f4ac1b63edc04661c11a67f3f,repo_summary.json
32,Josh-XT,AGiXT,c1cba14cf62631eb2cc30ca48bde9129a1f67145,repo_summary.json
33,Jerk400,h2ogpt-dev-local,ba56d6471080ec447c7c5347a2d4765ae4dba5b4,repo_summary.json
34,LlamaFamily,Llama-Chinese,main,repo_summary.json
35,MaartenGr,BERTopic,master,repo_summary.json
36,Mintplex-Labs,anything-llm,ebd3a62866e9e17b07a4a973b74329c0297fb78a,repo_summary.json
37,OpenRLHF,OpenRLHF,591b148cc5a829c710078553cc490f178bb4a4af,repo_summary.json
38,Gamma-Software,AppifyAi,1e2a008b29a0a14d590f41056226636dae266931,repo_summary.json
39,NVIDIA,Megatron-LM,main,repo_summary.json
40,OthersideAI,self-operating-computer,main,repo_summary.json
41,REFRIED-BoolEANS,privatgpt-gui,840675927b1ace596dcc2c8ed0f6f483805e33fe,repo_summary.json
42,QuivrHQ,quivr,main,repo_summary.json
43,RayVentura,ShortGPT,stable,repo_summary.json
44,RockChinQ,LangBot,master,repo_summary.json
45,PaddlePaddle,PaddleNLP,587a5cdf97138ac5032b4bb97cf7fc22a038aaf4,repo_summary.json
46,SYSTRAN,faster-whisper,master,repo_summary.json
47,BerriAI,litellm,main,repo_summary.json
48,Significant-Gravitas,AutoGPT,9ef4fab084633e4289226a6dd059a598085ec876,repo_summary.json
49,SolaceDev,pr-agent,5c768572233adb5fb9eadef21a184410b30b5603,repo_summary.json
50,Shaunwei,RealChar,ee36a803e220c8a3f021a61922ea81c59e7242ee,repo_summary.json
51,TheR1D,shell_gpt,main,repo_summary.json
52,StanGirard,quivr,b6f38f7aff5f026eb46a071362c9362e057119df,repo_summary.json
53,TransformerOptimus,SuperAGI,main,repo_summary.json
54,Upsonic,Upsonic,master,repo_summary.json
55,VTSTech,localagi,85ecc246bd50783e9edaa4227493c0ac127912d8,repo_summary.json
56,SaudM,GPT-LMU-APP,882ad9818e49ca004959e17a0f7d2580ebfedb10,repo_summary.json
57,Vidminas,chatdocs-streamlit,cf4053a1b20116fb0d05e64778e3c4c28b902f2a,repo_summary.json
58,abetlen,llama-cpp-python,main,repo_summary.json
59,UKPLab,sentence-transformers,main,repo_summary.json
60,ai8hyf,babyagi,6fcd528a92c80846dbb351f2b7babdd50c38709d,repo_summary.json
61,aigeek0x0,chat-with-multiple-pdfs-streamlit-langchain-faiss-openai,3cc2b0ac1522d6a78a998759ea212052ddefb3b7,repo_summary.json
62,Shubhamsaboo,awesome-llm-apps,main,repo_summary.json
63,alejandro-ao,ask-multiple-pdfs,362e85213a01d73772d5319fb9819e026ecbe8a7,repo_summary.json
64,alexdphan,babyagi-chroma-agent,a5379280e526fd559c49d3b85513a339afc302e5,repo_summary.json
65,arc53,DocsGPT,744d4ebbaf4349444d8d361593c4c04652c6c54b,repo_summary.json
66,amauryfischer,Auto-GPT-WebUI,cea68df18f309b094912bdaa6ce2cd484dca5a13,repo_summary.json
67,arndvs,gpt4-langchain-ingest-api-data-private-chroma-aws,5259ae39cd23892c3d0030b98ae99148fb5b7284,repo_summary.json
68,benjaminearlevans,Chatgpt-babyagi-plugin,771a5ba6e6b69c30020da7a139ccec868b4a3dc7,repo_summary.json
69,bentoml,OpenLLM,5725415eede5865ec6bcb454c4805bb689993c0c,repo_summary.json
70,bigscience-workshop,petals,main,repo_summary.json
71,X-D-Lab,LangChain-ChatGLM-Webui,ef829a28234228761a97541e4ebae9da4f4e6800,repo_summary.json
72,c0sogi,LLMChat,b0fe554ca2327d2dc43dc819934b7973e662ffdb,repo_summary.json
73,camel-ai,camel,71d466d9d67d1d7230ebfa1be6db95f5c53e38d9,repo_summary.json
74,catid,Supercharger-Auto-GPT,2f8066fb4121ba0f724cbe92c4cbef91ecf5cc29,repo_summary.json
75,blu3mo,scrapchat,ce78a875399b069d3d5c44c738cb10fb3704c0fd,repo_summary.json
76,chenhunghan,code-review-private-ai,17f00ec43ba35f3914fea322ad84f4b1a888500f,repo_summary.json
77,chidiwilliams,buzz,main,repo_summary.json
78,chinesewebman,doc-chatbot,d17caf9f0414bc7bc802774de1f13c5d746966fb,repo_summary.json
79,chatchat-space,Langchain-Chatchat,bc7f01925fe49c622cf7d6e2540c03fd5a0679e1,repo_summary.json
80,activeloopai,deeplake,main,repo_summary.json
81,codeacme17,examor,891ed727b711c6b59e3c6899f7fa08f0df773c30,repo_summary.json
82,daveshap,ChromaDB_Chatbot_Public,ad7df3a7391c07ab59298e48ac05c24c8698698b,repo_summary.json
83,cpacker,MemGPT,6e2c92e3abda617b9efc96c88b582195579717c8,repo_summary.json
84,davideuler,gpt4-pdf-chatbot-langchain-chromadb,5c0f8daba056483afebf9e8a46a988e07c58ee99,repo_summary.json
85,dory111111,babyagi-streamlit,088aa7376c39d541543a3518df8bd5db46633f51,repo_summary.json
86,dotneet,smart-chatbot-ui,6a07b944b73ca53996a1a06cdf65ab19ed2a19ab,repo_summary.json
87,c121914yu,FastGPT,2ae8d43216d4e6fb739143c3cc12285fed048596,repo_summary.json
88,dotvignesh,PDFChat,bb46824b7835386d39f76cd0c70b427dc42997c9,repo_summary.json
89,edik7333,Auto-GPT-llama-cpp,2b4bf189825c0abe28bf6f020b87921d82636d67,repo_summary.json
90,deepset-ai,haystack,main,repo_summary.json
91,edrickdch,chat-pdf,bf5343fef116a360424245b1c154edc2bac07bfd,repo_summary.json
92,facebookresearch,detr,main,repo_summary.json
93,facebookresearch,DiT,main,repo_summary.json
94,eosphoros-ai,DB-GPT,4b52cfa670fcbb170ea0348e187d4c26e28b0c2b,repo_summary.json
95,facebookresearch,dino,main,repo_summary.json
96,facebookresearch,xformers,main,repo_summary.json
97,fendouai,babyagi_zh,bc907f1d94cd0a6b57db5f6e2b1d0ffbabf6b864,repo_summary.json
98,facebookresearch,vggt,main,repo_summary.json
99,fishaudio,fish-speech,main,repo_summary.json
100,frasergr,anything-llm,5fa61458724fd019a15e243b8db8e71bead950b5,repo_summary.json
101,gabacode,ChatBot-PDF,320476ac687db4ea0e9051b4b25ef6904d3a014d,repo_summary.json
102,goetzrobin,MemGPT,0e8918e79935d24210991d78da09bf0e4c796d2e,repo_summary.json
103,groovybits,gaib,887e8edf7f6ce112af4790ac5f45c629b05e3225,repo_summary.json
104,h2oai,h2ogpt,15f3a2d564541020f78cfc83bc90722dcda8a960,repo_summary.json
105,hamelsmu,chat-langchain,8252cc469335da08230afb049cdc7dfb178c328b,repo_summary.json
106,haotian-liu,LLaVA,main,repo_summary.json
107,fangyinc,DB-GPT,f317740d5557b56899d1a3e786ca7cc583fdd700,repo_summary.json
108,hlohaus,Agent-LLM,d8a46dacea35c6224effd3e733d5c085bea1949a,repo_summary.json
109,hiyouga,LLaMA-Factory,8c74dca76a813129c175489c85bf50e2c614091f,repo_summary.json
110,huggingface,pytorch-image-models,main,repo_summary.json
111,huggingface,peft,main,repo_summary.json
112,huggingface,trl,1dc8bbca025ede5d964f6080eef5eea74819cbfb,repo_summary.json
113,fighting41love,funNLP,master,repo_summary.json
114,iMagist486,ElasticSearch-Langchain-Chatglm2,304d3d204a00782a0078fd76be232fa5802f4307,repo_summary.json
115,imartinez,privateGPT,2f3aab9cfdc139f399387dbb90300d5a8bf8d2f1,repo_summary.json
116,intel,ipex-llm,main,repo_summary.json
117,huggingface,transformers,b62e5b3e4060c07b0e595f670135d85bb51673fe,repo_summary.json
118,jadore801120,attention-is-all-you-need-pytorch,master,repo_summary.json
119,hzg0601,langchain-ChatGLM-annotation,da8085ba5fcb89a2e665cd3fde28cdafa38b9c29,repo_summary.json
120,jessevig,bertviz,master,repo_summary.json
121,jina-ai,clip-as-service,main,repo_summary.json
122,joaocarlosleme,chat-langchain,362e71c016d70022a6b1d067e0cddbe1a6ef496e,repo_summary.json
123,jzhang38,TinyLlama,main,repo_summary.json
124,karpathy,minGPT,master,repo_summary.json
125,jacobgil,pytorch-grad-cam,master,repo_summary.json
126,kroll-software,babyagi4all,3dc42659eb5cb51dbea71b565ce09f61a130cc20,repo_summary.json
127,comet-ml,opik,main,repo_summary.json
128,khoj-ai,khoj,master,repo_summary.json
129,langchain-ai,chat-langchain,a875a649109ad7c3d68d7e9b75508f687e627ca4,repo_summary.json
130,junruxiong,IncarnaMind,75564a3bf08d0006387889cdc9a76fc509ededd8,repo_summary.json
131,lucidrains,DALLE2-pytorch,main,repo_summary.json
132,lss233,kirara-ai,master,repo_summary.json
133,lucidrains,vit-pytorch,main,repo_summary.json
134,ludwig-ai,ludwig,master,repo_summary.json
135,marella,chatdocs,ff0f962972ba65f0bccbf2e81875a95bae7473b5,repo_summary.json
136,matigumma,bb.agi,9af4396c1c97b0de3fc47ceb35ff8e4489be6254,repo_summary.json
137,mattzcarey,code-review-gpt,87bce4d443c869eb3da09e5a2c11b1a79c5e5d6a,repo_summary.json
138,mayooear,gpt4-pdf-chatbot-langchain,66d183f6b207fa1d92153a430c620c58b01e9b1c,repo_summary.json
139,mayooear,private-chatbot-mpt30b-langchain,dbb888a2d5f1eaf6256ffab53e4ec0b766a86a3f,repo_summary.json
140,mckaywrigley,chatbot-ui,f4ec4df77f650fa650535c6b934d4a1775cf491a,repo_summary.json
141,menloparklab,privateGPT-app,028c81038dec2f923477812f7c7f7d48706fa7a9,repo_summary.json
142,meta-llama,llama,main,repo_summary.json
143,meta-llama,llama-models,main,repo_summary.json
144,lucidrains,PaLM-rlhf-pytorch,main,repo_summary.json
145,labring,FastGPT,05bf1b22653f8699b85098db3e86a7f29bdc2895,repo_summary.json
146,meta-llama,llama3,main,repo_summary.json
147,microsoft,Swin-Transformer,main,repo_summary.json
148,miurla,babyagi-ui,3f71b1bd4edea6eb2a063d2ccf540fa309114925,repo_summary.json
149,microsoft,markitdown,main,repo_summary.json
150,mouredev,Hello-Python,main,repo_summary.json
151,modelscope,ms-swift,main,repo_summary.json
152,meta-llama,llama-stack,main,repo_summary.json
153,openai,openai-agents-python,main,repo_summary.json
154,openai,openai-python,main,repo_summary.json
155,openai,baselines,master,repo_summary.json
156,openai,swarm,main,repo_summary.json
157,openai,tiktoken,main,repo_summary.json
158,oshoura,IslamAI,d39fad996040c1fe7917b330996620380b9028af,repo_summary.json
159,qodo-ai,pr-agent,main,repo_summary.json
160,oumi-ai,oumi,9094a4c940dbad24aff1fa1a486db6608234b42c,repo_summary.json
161,ranfysvalle02,chatdocs-mdb,6322d0ea03d2a3a14fbfaa7ca9f12104e733a72f,repo_summary.json
162,realminchoi,babyagi-langchain,8173232f8abd09f9b9f8942f0b1cd44327cf66b7,repo_summary.json
163,realrasengan,AIQA,fb86f8c48978bd218df62f6bf034463f0034b426,repo_summary.json
164,qubvel-org,segmentation_models.pytorch,main,repo_summary.json
165,neuml,txtai,master,repo_summary.json
166,run-llama,rags,main,repo_summary.json
167,robiwan303,babyagi,9c22f053675710094576bfc4e6527f59a50e6ac2,repo_summary.json
168,sagarsaija,gpt4-pdf-chatbot-langchain-chroma,259d5cb6510b0c06b93389810671d73482f9a37c,repo_summary.json
169,saten-private,BabyCommandAGI,993f7075479d4d89948410bfec0c4c18d4a06b0c,repo_summary.json
170,labmlai,annotated_deep_learning_paper_implementations,master,repo_summary.json
171,simonw,llm,main,repo_summary.json
172,sgl-project,sglang,main,repo_summary.json
173,starsnatched,MemGPT-multimodal,82b9b74efa9ad2a04dc531b0ef77a9e229e86e00,repo_summary.json
174,sczhou,CodeFormer,master,repo_summary.json
175,stas00,ml-engineering,master,repo_summary.json
176,sw5park,LUISE,e88343c1e2d1c634a33838500e6cc72aa97fdeaa,repo_summary.json
177,szpnygo,VecTextSearch,ec6a1a2861b1399b3463026980c02507702d3508,repo_summary.json
178,ushakrishnan,SearchWithOpenAI,470a5d10f786efbac2feab18330c69365a937599,repo_summary.json
179,unslothai,unsloth,d5b61a6bc6d546ca6afa9043f9c4b15713ecac62,repo_summary.json
180,speechbrain,speechbrain,develop,repo_summary.json
181,vllm-project,vllm,62be3670cb97e7196c30be26fe347d12d183429c,repo_summary.json
182,wzpan,wukong-robot,master,repo_summary.json
183,vmayoral,PentestGPT,58e80fa92dea24da3d4899aa625b7683100720da,repo_summary.json
184,xtekky,gpt4free,main,repo_summary.json
185,yangchuansheng,DocsGPT,595581b624b54046d756ad28bc845521ee4807d0,repo_summary.json
186,yanll,YP-GPT,6df9f79f694ba4aaf0dc84867cd44e66c062c99f,repo_summary.json
187,uukuguy,DB-GPT-Lite,d857cb71f2c19e8535d0f5e9692e15c4e4dd100d,repo_summary.json
188,ymcui,Chinese-LLaMA-Alpaca-2,main,repo_summary.json
189,yoheinakajima,babyagi,3532f987744e9254afacc254e3325d1910c0651d,repo_summary.json
190,yujiosaka,ChatIQ,def21481b0c132173b51d1d7a314b103db324ca2,repo_summary.json
191,yvann-hub,Robby-chatbot,5beb6894c8ba0d0b67188ba2be568a2a22a00491,repo_summary.json
192,zhayujie,chatgpt-on-wechat,master,repo_summary.json
193,ymcui,Chinese-LLaMA-Alpaca,main,repo_summary.json
194,xorbitsai,inference,main,repo_summary.json
195,zilliztech,GPTCache,main,repo_summary.json
196,zhjunqin,Langchain-Chatchat-InternLM,761f0bc3a94ccdda9970761b6c769c7e0537e2e8,repo_summary.json
197,run-llama,llama_index,main,repo_summary.json
198,containers,ramalama,662b93d6837b39cb9f3a49330e76d89a4bb53b26,repo_summary.json
199,unslothai,unsloth-zoo,7910c9211fa053ef7a31b8662738be70a7da9db5,repo_summary.json
200,confident-ai,deepeval,847e12c6f59aaf4b1ed5d908af9b7da7e1232263,repo_summary.json
201,RLinf,RLinf,921b60326e738c8632fdab58f49d42d58f605876,repo_summary.json
202,ROCm,ATOM,958f0e6e90724679dddd8dc246d7f86209ec8582,repo_summary.json
203,instructlab,training,c495035075cbda242b7ff3fdccb51bf478142932,repo_summary.json
204,ai-dynamo,dynamo,aaed4f3b873aee186dfa176709b850a1234d32b4,repo_summary.json
205,casinca,LLM-quest,a2c5328033a10391f7a92519b7daa69b020c44da,repo_summary.json
206,Lightning-AI,litgpt,df94ee2cae47d8d2fb20815c175e98fd1f64a27a,repo_summary.json
207,NVIDIA,Model-Optimizer,b286165362317940fb11bef02e1cad183ad22acb,repo_summary.json
208,unslothai,notebooks,b9224375ef697bdb67444f6b31a0859a6dcdd34e,repo_summary.json
209,skypilot-org,skypilot,a3f153cec4ceb060832c9c17a1c9697c95a580be,repo_summary.json
210,xiaozhuABCD1234,AutoAnswer_zhihuishu,ad51d0c48d97ba042d955bfe0b0e801941a64fb4,repo_summary.json
211,volcengine,verl,249c0831b793751f488d80bcfeafb8f7c544cd65,repo_summary.json
212,intel,auto-round,6723ef0aec7026c0ea38ce156aafbd25a9a0eadb,repo_summary.json
213,huggingface,smolagents,c537327086e9264d7affd6e79967b05ce17731be,repo_summary.json
214,Technologicat,raven,a52af3d88a75ea65f1b83006a0a62e4b45ea465b,repo_summary.json
215,NexaAI,nexa-sdk,41e98bfc442c21ce503cd48f8fad6a5e4b53c3e1,repo_summary.json
216,THUDM,slime,b23fcd10f4eecb465e301b46eeb974080b6266c1,repo_summary.json
217,epam,ai-dial-adapter-bedrock,b110bd99865c13f30f3b2827325f3445bfacbda5,repo_summary.json
218,ServerlessLLM,ServerlessLLM,57018d310c737d59a57e0171484b0a9f676fdef9,repo_summary.json
219,ByteDance-Seed,VeOmni,889cb3379a1143f4aa178ff55dbb3b1bcb788135,repo_summary.json
220,gty111,gLLM,a17b1b0107343305cb2137c27b223301c9e89548,repo_summary.json
221,SkastVnT,AI-Assistant,49692e858f31fe68c385b8e9404c0e9657a2980e,repo_summary.json
222,ModelCloud,GPTQModel,5b568257e2a662ce396401a65dcad7dd4f26726f,repo_summary.json
223,flagos-ai,FlagScale,528cea1680556b85f88b55170dd1d5de472d3373,repo_summary.json
224,zstar1003,FreePDF,d0ddd9632a49fe7957d93fd6375412afd186beee,repo_summary.json
225,gpustack,gpustack,543c80bc5f80f820fb7a1cd805086798173f265e,repo_summary.json
226,ml-rust,splintr,b5d9df683dcc2bfafe2a055ec0745f413d5cffc3,repo_summary.json
227,getzep,graphiti,cb53cd1b08485855a0117a63e4fa363033f815f0,repo_summary.json
228,muzahid59,gai,d3a6c91d210645ee783458f312177a188f8f039f,repo_summary.json
229,intel,intel-xpu-backend-for-triton,339dbba19a7ffe1229c0a96827b3be9b4f967150,repo_summary.json
230,GradientHQ,parallax,717b7f972cfa6a1e845576ec4f69a10c9718f7c0,repo_summary.json
231,HakAl,scrappy,2eded1f5617a24821c44017b8554951c2ed1a67c,repo_summary.json
232,ucsb-mlsec,VulnLLM-R,cf4759373dd83235399cc0aad5e6896e7b07d6ac,repo_summary.json
233,microsoft,Olive,7c5b3b8c947311ebfb3fe4efe2b733719d6ebc93,repo_summary.json
234,monologg,nlp-arxiv-daily,b49977bd5a222d56ee3472d8858fda427411b3e2,repo_summary.json
235,princeton-pli,hal-harness,caaa72c7f2bb13799064090463cbe86ddbb4dd25,repo_summary.json
236,guybrush1984,Elelem,85048dcbb21cbd70c176fc734e707625fa4a2674,repo_summary.json
237,igeniusai,domyn-swarm,d93be70eddc7fa709afbdefea5d84726205676f1,repo_summary.json
238,AI-Hypercomputer,maxtext,bc53aaa15c78d74179f79f4f302d2f8ec66ebdce,repo_summary.json
239,rasbt,reasoning-from-scratch,abab144ec2cb405c76bea0fbb2d489f9d13fac76,repo_summary.json
240,JusticeRage,Gepetto,9b3f12b1d4e92851f5ad69a7ea2f45cdc733e47c,repo_summary.json
241,huggingface,doc-builder,35919cd53066035041ec232f22fe55f593feece4,repo_summary.json
242,Bessouat40,RAGLight,211a8d986c22da6d46db98302ee77653327495b5,repo_summary.json
243,intel,neural-compressor,eb7c1e377d93e577c3179c0f76b4c8fc7b1fea9c,repo_summary.json
244,ArtificialAnalysis,Stirrup,e8ae0bf6fbd22a0ffb763839b8f6324821881acc,repo_summary.json
245,aws,sagemaker-hyperpod-recipes,38c1578a18dd1f39727ac166d77e9be89859431e,repo_summary.json
246,deepforestsci,DeepRetro,8fe24f6df7fec15371c396e25ce932bf2da51fa5,repo_summary.json
247,neverbiasu,hf-mirror-hub,8aaa1557dfd85a9ecb0cadf06f390379452ae0b2,repo_summary.json
248,clp-research,clemcore,a8ad2967a65d239691c0313843e064ea57022983,repo_summary.json
249,Lightning-AI,lightning-thunder,a0d03353130895891ae151f928a9e61ccaa90148,repo_summary.json
250,lemony-ai,cascadeflow,c6554a2bf9a7db4f7545da3c8b7d1630bb1b81fe,repo_summary.json
251,qtalen,agentic-ai-playground,dd618c69ea02e06e4b75549bd0b3d5225b790938,repo_summary.json
252,zyddnys,manga-image-translator,a537cb12b41daf2065795058c2753d87e73fa0fe,repo_summary.json
253,michaelpradel,Testora,8c5b410dd30925b65b0f3907384bd993bcacbd38,repo_summary.json
254,aliasrobotics,cai,da1c6202e5857494a1968937c60c5030467dcabd,repo_summary.json
255,zldscr0,SENT,2a7c40fa77ea3ce882534a30a1029db06d561825,repo_summary.json
256,lfnovo,open-notebook,65166d4d2a2ff9295c5ed4a1d3db5d9124e40615,repo_summary.json
257,RamboRogers,mlx-gui,96b0913f13b6f857d9df84a72901b221c2ca1f81,repo_summary.json
258,IntelLabs,LLMart,c42b1b714be912195de2e506abb38bea55a41850,repo_summary.json
259,princeton-ddss,blackfish,f03c0cb1c1a24231e23b73d10997797ed459efe7,repo_summary.json
260,hiyouga,EasyR1,4d13ebe55ad75230305e58a3e9cf48cd58042258,repo_summary.json
261,scicode-bench,SciCode,e3158ea011d4235245a547460d3688d7ccbf9900,repo_summary.json
262,Open-Technology-Foundation,customkb,950c7791d40e04cc375018539a9a3bfe9b19c697,repo_summary.json
263,terrierteam,pyterrier_rag,e2447079281f0131cd180f18f12e30574ab17c5c,repo_summary.json
264,alejandro-ao,open-deep-research-w-firecrawl,6f38ba6e562ac67423516d8e1187ac31bb9724c5,repo_summary.json
265,thu-nics,R2R,a7789ff551fa92dca1b6b3120fbcbe8461c5b5a6,repo_summary.json
266,firstbatchxyz,inference-arena,001438745bf2006b8fabde8f18837632ed571e2e,repo_summary.json
267,arcee-ai,DistillKit,2203a0f96868691cd238dda2897541e6219254ff,repo_summary.json
268,jonigl,mcp-client-for-ollama,09796eb3fb38cdb5eb0578ee98cb13eb9f423cb2,repo_summary.json
269,aradlein,hass-agent-llm,2a3d75aae2cf588909f6f2cdf99efde544f5b928,repo_summary.json
270,volcengine,ai-app-lab,423c8216acf9897a1eee632341969129477cc154,repo_summary.json
271,agentuniverse-ai,agentUniverse,d11c8f4e2ff4c9b8f9a0a7f5f796f16b9f24affd,repo_summary.json
272,Marcus-Forte,learning-mcp,be4e7840581a7f6b99fea2430dc4a92bac5ba540,repo_summary.json
273,cubist38,mlx-openai-server,5ccbd997fcbfbb2b974121147a04dfb214c9ed83,repo_summary.json
274,JY0284,zizhitongjian,832a3861cdf100d8cd0899a1df515beefb7c92b7,repo_summary.json
275,AzisK,Zpace,0d34fd41cb090bc33ea8b215fb605f91d7100be5,repo_summary.json
276,willxxy,ECG-Bench,99e3e78eb63a0ee88e3080a9f4fce59143b15423,repo_summary.json
277,zhihao1998,LLM4NetLab,8f765707beced9eaf193dfd9341f064c2079cbd9,repo_summary.json
278,jeankassio,JK-AceStep-Nodes,060845845cd1a0163954d678e3dfcdf021af98c7,repo_summary.json
279,matsonj,based-eval,ce8d8d6a976e05f7c713cf4dcffec2d881088886,repo_summary.json
280,LiveBench,LiveBench,366e385d1ff6ad90ddeeb3644f1d72b2f7c6c324,repo_summary.json
281,openvinotoolkit,openvino_tokenizers,60a9e5067e434b8721719479f2e1eb750ae7bd81,repo_summary.json
282,yhzhu99,ehr-llm-benchmark,d413e70e7fa29ee5cd815ec87276be7eb1526aef,repo_summary.json
283,Sarthak-Sidhant,redstalk,208719537e2a42df953f7754ac08edb2d902c52e,repo_summary.json
284,szeider,consult7,99e3fa8003635e5287bf1963e16cb3f3713c4655,repo_summary.json
285,stair-lab,kg-gen,63726f4d1262b947423d9818ebb8ce16a20a7c1f,repo_summary.json
286,omarkamali,borgllm,8f3aefdaef172393b1520baba177cc6170ba464e,repo_summary.json
287,canivel,axiom-rl,5454e4d702196d0f8db9a35384ab0bc5b033369f,repo_summary.json
288,chflame163,ComfyUI_LayerStyle_Advance,18435772d12ac59e98dfb2555ad380359c6efd9f,repo_summary.json
289,dmzoneill,jira-creator,861d47f6ebfe34a44e72b399df5e595b0611d487,repo_summary.json
290,facebookresearch,matrix,16ecee48f3433878ac0495737ee1ecf4b3e02e59,repo_summary.json
291,aidatatools,ollama-benchmark,1ff542b44597c3692dd3ea4569fd2619a61e31a9,repo_summary.json
292,laxmimerit,MCP-Mastery-with-Claude-and-Langchain,8d95c93b5b8dfad6ce1717f851625ad128c2dd79,repo_summary.json
293,Jilliansea,TinyZeroWithSFT,1fe50777fc1b6b441058a4ae35e5514a7036e8bf,repo_summary.json
294,daekeun-ml,ipynb-translator,361a1f5cf81812fe29ca376cd3d51e2c247a8cd6,repo_summary.json
295,yytdfc,llm-performance-viz,35acb42d1905189d3c08f94a2d70bf2e96ffecaa,repo_summary.json
296,1789336421,Omni-Mol,8a9426d9a14d52efaf70942e79dc2819cf204f0c,repo_summary.json
297,nebHailemariam,deepseek-mini,1ed90eba7700de4f5a0ffdb9eedea970f54ccfbf,repo_summary.json
298,danielcamposramos,Knowledge3D,274cf368b822e370903b7f97132e242a8c3c06c7,repo_summary.json
299,umbertogriffo,rag-chatbot,0cd6309bcd3fc42aa8c225d304b1dd3878c881eb,repo_summary.json
300,ZutJoe,KoalaHackerNews,8001dbe139bd89ded61b1dfde2114b1f1b4bc488,repo_summary.json
301,ai-christianson,RA.Aid,e71bb83dcfdf8796d41c746ad99bf4838d1d5914,repo_summary.json
302,aws-samples,sample_agentic_ai_strands,f93a74c6a235027c01785628c15a37ca25fa5186,repo_summary.json
303,GalTransl,GalTransl,89aee00f7fb4ffd681dc056dc7fb4b26fa64d783,repo_summary.json
304,openai,mle-bench,0701d35efea165fb184e924861234c05e9dff4ab,repo_summary.json
305,openaiotlab,ContextAgent,f4674bf2a1385ce829c6a7f2ea9c53871dd1a8ce,repo_summary.json
306,bf-yang,ContextAgent,f4674bf2a1385ce829c6a7f2ea9c53871dd1a8ce,repo_summary.json
307,Kurt232,RLKV,03a4c4d4f396cf912d4dad982b26625f0efefccd,repo_summary.json
308,nrl-ai,llama-assistant,d06708e16f76c5d43c688769980360735d0dbba2,repo_summary.json
309,hailsham,mcpverse,982f66cab6112a50536a83eb84053c88245e814f,repo_summary.json
310,sailself,TelegramGroupHelperBot,2516740b56578ae81540f02920dd959623c79a54,repo_summary.json
311,Azure-Samples,deepseek-python,5d191c114045a8709baf13be95025463cba7af10,repo_summary.json
312,codedog-ai,codedog,a1702a4ab933c7c071318e688a5a3b6948b423d0,repo_summary.json
313,DIGIT-X-Lab,MOSAICX,b1cf7ddd60f9d34be535d0493fbf9b5d324de592,repo_summary.json
314,NikolasEnt,ollama-webui-intel,3eebfd300b36f2c8fcda00d98b48b66a7c423e2c,repo_summary.json
315,Anemll,Anemll,6ecb10d7dfe90533af13ac23c825ca76aab0c56e,repo_summary.json
316,MLNLP-World,reasoning-from-scratch-CN,c1f9001ed3dc75b9e4b38a4f1f6c16a6cd6ad268,repo_summary.json
317,AIGeeksGroup,MobileVLA-R1,2554dfdba8190687ad4f417066ad7ce62b60247e,repo_summary.json
318,Simple-Efficient,RL-Factory,d0abc1dbac31cf936af4d4a50009e337a9406f94,repo_summary.json
319,thu-nics,TaH,03c9f24665b1b5d18938e95d1d5275b63c6b4451,repo_summary.json
320,illuin-tech,colpali,4db75353439ee0961950aeb60ce66fff472ac8ac,repo_summary.json
321,ariannamethod,ariannamethod,de35fe338db13d1abeae51e3f4c43a9343bccf1a,repo_summary.json
322,Moenupa,VTCBench,840d288c1a85fc9d6ace038385fcd0349ae1129c,repo_summary.json
323,Blaizzy,mlx-vlm,c4ea290e47e2155b67d94c708c662f8ab64e1b37,repo_summary.json
324,duyhominhnguyen,Exgra-Med,e9a3daaf912a82bccdc3bad26b9661325d47ea60,repo_summary.json
325,cambrian-mllm,cambrian-s,9b770e46ed09ff0245f6455b7e091e9ace8c22ee,repo_summary.json
326,volcengine,MineContext,fecace9afc6f566e9f2d4601237a51296e3fa41c,repo_summary.json
327,Gumpest,SparseVLMs,e58d8986399b645b7631ed08807821b6157c52ae,repo_summary.json
328,lamalab-org,GPMs-book,4df9a2db2c2980af1e573436e27fc6374f14eadc,repo_summary.json
329,InternRobotics,InternVLA-M1,0d810e2e5cbab8f682a77a180298b5b95b8f0ae4,repo_summary.json
330,Mr-Loevan,HSA-DPO,dbb76cdac9ab2704c2f2a779ee1d8b22876a4eba,repo_summary.json
331,CVHub520,X-AnyLabeling,58b1f255afea17c4f2d877a7a4d3085c21c83cfd,repo_summary.json
332,mbodiai,embodied-agents,b0ae7f791d2940b401f5f24fa120d9ee0afeca45,repo_summary.json
333,CVHub520,X-AnyLabeling-Server,8ff87303a15352883c37c61bd01fbe6f66866445,repo_summary.json
334,NVIDIA-NeMo,DataDesigner,b635e41033e7b5a5f6cbebafa79588fc2d9eb4cb,repo_summary.json
335,EuroEval,EuroEval,f8854a53adee88ca85bdfaa359c0700b62766b7d,repo_summary.json
336,Zhoues,RoboRefer,d97a995ad28376720a4c8beb64915c58ed16c844,repo_summary.json
337,Kiln-AI,Kiln,229b88880644ff3114b895a68186096abf1231cd,repo_summary.json
338,inclusionAI,AReaL,b942ed019df2c66b851c397c0836fd31a3787b70,repo_summary.json
339,thaoshibe,relsim,bc043219b625e804a47a313728ff7d4545482912,repo_summary.json
340,NikolasMarkou,dl_techniques,b0440cd74adc5c700fc9c45712e426ee2266b1ce,repo_summary.json
341,microsoft,RD-Agent,ce8d6a75720006d558461a981d71b9b268f5b202,repo_summary.json
342,Eventual-Inc,daft-examples,0659b337ced7ec5bb7368fdf3a9b58e853531684,repo_summary.json
343,FF-crazy,CodexProxy,8449bd2c1423c18833fe07dc384caac32ed80294,repo_summary.json
344,Realiserad,fish-ai,35cadf89fcc671a2fd4bc0f206ff774df900c4c8,repo_summary.json
345,matsonj,eval-connections,e78f8c3a8260288921322be53439889d9ff41478,repo_summary.json
346,rgoerwit,ai-investment-agent,45db67935ad0571460c30185c0577d3c32db6dbe,repo_summary.json
347,DrDavidL,sem-mem,90b30bdd4da194cc48e85e931547deec0a7b5e2c,repo_summary.json
348,Eran-BA,PoT,630445e8ad2c31e2517bd93906cc1aba5b0d2396,repo_summary.json
349,rasbt,LLMs-from-scratch,d7f178d28bdf56732b01544d5718bfed637ac6f9,repo_summary.json
350,Jakedismo,codegraph-rust,aefc37362bc7923046d9f15caac6ad3b2f219b48,repo_summary.json
351,brendanhogan,2025_advent_of_small_ml,f6aacd728812835360057d6a93b910dd5eef9c3d,repo_summary.json
352,matdev83,llm-interactive-proxy,e5f0eababe6ed1a4cb3bce8a0227b2897606a208,repo_summary.json
353,Azure-Samples,autoauth-solution-accelerator,ee3be31a0b58403beb24813d7ca7de50604ad66d,repo_summary.json
354,yichuan-w,LEANN,a6ee95b18a64a29e9dd158c126d5b69a36bab1cf,repo_summary.json
355,EvolvingLMMs-Lab,OpenMMReasoner,d7bf5769469800d636b69945b81f1ba51b89695e,repo_summary.json
356,EvolvingLMMs-Lab,LongVT,93a349cf9b79fa3bf95e3e131b506e10a6329dc6,repo_summary.json
357,numinouslabs,numinous,877147b4d976eea8d70e7e82287eafe7e6fc200c,repo_summary.json
358,chrishayuk,mcp-cli,ae6db3d572c604b4b0b3e9b9d2136eca043ea109,repo_summary.json
359,feiskyer,koder,16c8d8c96c33b5a6749b0af83c4778a06c117b4e,repo_summary.json
360,agentscope-ai,agentscope,19cba5ce88b4865b72e4c2b6ea9f3c0a8e9b66c2,repo_summary.json
361,rscheiwe,vel,41e4dd67e162cc719ad90d3294ebe758e9ea8a7d,repo_summary.json
362,taylorai,lm-deluge,96124f3c6010848b4f34232a5ed7e0adc9bd17cc,repo_summary.json
363,icip-cas,ScaleBox,13db955df0bb64e16496600970f6d2274af40b64,repo_summary.json
364,yash91sharma,MALTopic-py,134ba5cf75b5f52df844c6a2bf7df2ef3115dba7,repo_summary.json
365,kanna5,brave-byom-proxy,f79b9ada6c182e3d5e1d408ce00eb242c213aac9,repo_summary.json
366,duongtruongbinh,vnpt-ai,1c899a5f5260c60a8ed5fe39ec3adfef5cf8593e,repo_summary.json
367,snap-stanford,Biomni,c36e39f9202863bc7b0665563e74e97723862fa5,repo_summary.json
368,saikiranrallabandi,inframind,64854d0d5d1a824814c7cad69f1c38b6bf00a2cb,repo_summary.json
369,daekeun-ml,evaluate-llm-on-korean-dataset,02851c9ab5e6b3ccad88bb9f2e0d288d9ec742ef,repo_summary.json
370,aixplain,aiXplain,6e076b13c813dc6ae56679037bfc5db83386d3ef,repo_summary.json
371,EverMind-AI,EverMemOS,4814aae8397653cf750c970764eae357c3e8ceb4,repo_summary.json
372,nottelabs,notte,e0d11b0b123ed15ddb0f6edba3b7231cd56ab6b3,repo_summary.json
373,HKUDS,LightRAG,9562a974d216268021b4027f7be7ec250477fe96,repo_summary.json
374,socialfoundations,folktexts,75a5df804d11f45dd442266f0880d7d630f91aaa,repo_summary.json
375,mims-harvard,ToolUniverse,132458e90eae0d23245caed295dd0bb9518cd240,repo_summary.json
376,fa8i,Agentify,cd8f88799a29a1b4f84f0036cbb7bad5345fb996,repo_summary.json
377,microsoft,TinyTroupe,43d951eea015aea09972dc95537c9bbbc74ba207,repo_summary.json
378,FLASK-LLNL,ChARGe,70e74c60151556c7c53a24a7733220a8c78b5574,repo_summary.json
379,vitali87,code-graph-rag,806ae20ce2579a06aa04436f67a02999d4a9dbcb,repo_summary.json
380,helallao,perplexity-ai,fc03a22f8fbb1d33efb1ce419f88f3eec939bd3c,repo_summary.json
381,DougHaber,lair,ba05d7196a202b80edacb91d921792e2641bfb35,repo_summary.json
382,MLNeurosurg,neurovfm,98e4bb3c2faf714c82c650cea3b34bbc27b3f5c3,repo_summary.json
383,DEV-MAT1996,LLM,af21355b5b696c15a4c1dae940d108b2cfb62111,repo_summary.json
384,double16,shyhurricane,d35395d9f6084de38fc1e15a434eb4eecd81d881,repo_summary.json
385,lesleslie,acb,c52a658988732b19099bba8884386648c2c74233,repo_summary.json
386,intertwine,kimi-book-writer,c22231f743d707bcb47e0ef38508dc7a4e6384e8,repo_summary.json
387,RayBytes,ChatMock,22fcc4d1039221163f8601d24bbe6350a960a717,repo_summary.json
388,ServiceNow,GroundCUA,a28e03bcd7f2cb6769a5554a348c938a512cf674,repo_summary.json
389,TAO-STAR425,LLMs-from-scratch,236a68c2f0e571a6abd861cd6c9b1d686d04f1e1,repo_summary.json
390,Kit4Some,Sapiens_Ontology,faa53df1838241f27565b9c5add3ad66b1637e2d,repo_summary.json
391,LLM360,Reasoning360,13158341d2a0dfe5f3bb80e7126ff21de0d16676,repo_summary.json
392,DylanLRPollock,Monkey-Head-Project,6b0c9ec5d0a56d3d44693dd97055d90f7fc2aa24,repo_summary.json
393,shawn0728,ARES,5bee103fa7d09f84d41eb508b84ff0dc0c61ca5f,repo_summary.json
394,microsoft,openaivec,cd2760bc392cc82eebffcbd2ca81882a22860f85,repo_summary.json
395,MartinLeitgab,AISafetyIntervention_LiteratureExtraction,f22e5044877b75cea2cada24c19c0c3523fd4aaa,repo_summary.json
396,Granddyser,qwen3-vl-comfy-ui,45ba9bb312e844fed868bde23c4d28fbeb7a05a8,repo_summary.json
397,gabrii,Cursor-Azure-GPT-5,6c313ae1628c630fa9ce8a15e1e9516f8b2d591a,repo_summary.json
398,MikeWangWZHL,PAPO,2b376e467317cd27505e14e12cf39ef72b9b2300,repo_summary.json
399,LeonGuertler,UnstableBaselines,11f37beb377f9d17459895919c3d2c7df740fd08,repo_summary.json
400,Chapplication,chatty-friend,c562a1b66d23fe33af426f68bc1d6c946c7f4274,repo_summary.json
401,NVlabs,alpamayo,74750b0bd86605ced9faed9fe83434b07f95e9dc,repo_summary.json
402,ZJU-REAL,EasySteer,431e6a6a212d6f3282d4c4d1c3628398df1c3e2f,repo_summary.json
403,SqueezeAILab,MultipoleAttention,db65e51d582b9bcb89807b9d9397c3532d1099ef,repo_summary.json
404,kureha-yamaguchi,reasoning-manipulation,40f3e206f993812dab0de093d3283cc394a17962,repo_summary.json
405,Pro-GenAI,Index-RAG,496e726f0501e5947d3b63c604dd94dfe8461765,repo_summary.json
406,xai-org,xai-sdk-python,188e9f7008d48ef7aabae5dc05fd53d38f689b32,repo_summary.json
407,allenai,molmoact,bdb24ec61618c26f9a049965ff8e3d12f66b4ab4,repo_summary.json
408,xuyang-liu16,VidCom2,ce46008b959c6715b8233ea1b9d1c063d22a4b2c,repo_summary.json
409,owadev777,EgoVLA_Release,92ebbd916f6bad4b79dc7d3efbb485d10f80b113,repo_summary.json
410,openvinotoolkit,openvino,030c1c404785dfee6916272a7c6ee1f5ee1d2c94,repo_summary.json
411,axolotl-ai-cloud,axolotl,3750d7dd64a2c0699d5009392d85de525f7414c6,repo_summary.json
412,openvinotoolkit,openvino.genai,87f9d9ef73f7e827d593bd8e00eccf6740bf9cbe,repo_summary.json
413,ggml-org,llama.cpp,f9ec8858edea4a0ecfea149d6815ebfb5ecc3bcd,repo_summary.json
414,Fir-lat,LaVer,abe70c7c19666decbefb5811d7d878d490f1e56c,repo_summary.json
415,pytorch,executorch,c61b2ed1d022ae0681e1a6547bbba8c95acd6854,repo_summary.json
416,gnanaprakash2918,AI-Media-Indexer,63404fefae969b2ad5d3e35202a8a1800eafd311,repo_summary.json
417,huggingface,optimum-habana,6afa2ca282d345ccb27838bf580e997ce13c4d8c,repo_summary.json
418,quic,efficient-transformers,46ed92b22abb6b14f5df95c2b92df32d5efbd051,repo_summary.json
419,jiaxiaojunQAQ,OmniSafeBench-MM,84a4d1708e42e8059cf3150e5c35dcd821c0b39e,repo_summary.json
420,IVY-LVLM,SALOVA,e507cab2b454e40d3459162cfcd850ac8181d171,repo_summary.json
421,flagos-ai,FlagGems,9c206de20eec4698a90c2974b30ed4a0413420a7,repo_summary.json
422,EvolvingLMMs-Lab,lmms-eval,b0da65de53bfa6fd52010b7d1a86dfd2f598764c,repo_summary.json
423,KLL535,ComfyUI_Simple_Qwen3-VL-gguf,2490c282e9f99f7963adb5446428a5fb56007832,repo_summary.json
424,techmn,cdchat,8b59976020de2bf0e2d1b7646e6b376cde02890f,repo_summary.json
425,maybleMyers,H1111,8e96060e71b9a34e3dd9bc64eaf53297ca28e201,repo_summary.json
426,walke2019,ComfyUI-GGUF-VLM,1c4733246e7d5699be0ecbe954913f74e3b5f9b5,repo_summary.json
427,Luckybalabala,llama-cpp-AutoGLM,694dc092b1c34b16ce7008e83bf41683128640dc,repo_summary.json
428,jacklishufan,LaViDa,24220c0077f403d24ca52968b6a7c55b687d5c2f,repo_summary.json
429,tw-haiven,haiven,c0bd35ea6188e92d31110532cc92aa7c1288615f,repo_summary.json
430,EvolvingLMMs-Lab,lmms-engine,2725473e746735fccbb7c66a1dcbef2eec97c179,repo_summary.json
431,Eliot-Shen,DF-LLaVA,780c9bc951898050cd77a837fe740abcf21ea9a7,repo_summary.json
432,Lyu6PosHao,HME,75bf8f7c3fbc511d7711f5da8f8bec68b929d83a,repo_summary.json
433,shakfu,cyllama,3bf0290c31ecc276c6be543a1b674040f32bb2b0,repo_summary.json
434,ParisNeo,lollms_client,e10bd27f49b7a25daa59c086aaa9cf8dc596bc92,repo_summary.json
435,IP127000,openVLA-Qwen2-0.5B,940c7616deaef12458493089846c7b67749865f2,repo_summary.json
436,ijstokes,tutorial-local-llm,16b39c9b9005d558a378ce432dabc23fb110a2ae,repo_summary.json
437,chapmanjacobd,library,f38b4b67f1d36d670ae01cc3e385405cb13ae70d,repo_summary.json
438,bytedance,Sa2VA,f445521bd1dc74d33078b30762c6423dab876199,repo_summary.json
439,nkkbr,ViCA,96e8a61b7afe23da3908280cc4872d36311945aa,repo_summary.json
440,xuyang-liu16,GlobalCom2,96b2d00b86a22495285ab448cc89faedafddd78d,repo_summary.json
441,X-iZhang,CCD,b4d8b8c2db692fc5bc1970c4ed9ee0383d5fe9d3,repo_summary.json
442,BandwagonVibes,fixxer,2bf71995725b37b80a8649c533d004f1b451ce40,repo_summary.json
443,erfanzar,EasyDeL,748550c8a2d7514557477de02a4b8053a41a90f4,repo_summary.json
444,dusty-nv,jetson-containers,bf3c8b0b94f09f5c353dd8b94badb76235d866e4,repo_summary.json
445,hydropix,AutoDescribe-Images,ca12280b0b1efca0260982523466e4713961ea4e,repo_summary.json
446,dagthomas,comfyui_dagthomas,85b73e2be6d4bd8a58366a478020dcb4b070c131,repo_summary.json
447,jayneelparekh,learn-to-steer,6e0d11a71e65481285f46191cc42ff71e8b9c5d4,repo_summary.json
448,UbiquitousLearning,mllm,0c945f3b6e0ea93af313cd4feb210c6bb73b1131,repo_summary.json
449,uwdb,VOCAL-UDF,d26fa010d3d85187a46a8abb6f9dd4ba5f94d388,repo_summary.json
450,epigen,CellWhisperer,a96b815e5f1f3e96a31e1a6907f01e9c288a2d42,repo_summary.json
451,ai4colonoscopy,IntelliScope,cd5866df79dda4619b337618e4d9d23d9f3a4e86,repo_summary.json
452,Shibiko-AI,ShibikoAI-ComfyUI-Tools,3909475a2d9d49d35a42569e264d0cc8266ca244,repo_summary.json
453,Visual-AI,Pancap,b8012a494bf33ff82c3ba65f4534a04b5035d7ac,repo_summary.json
454,hq-King,SeqAfford,f6bd22db7026dc32e9b87d4e634df869ae7c7f15,repo_summary.json
455,lanxiang1017,GEM,7edee7e20408cf3e855a4ace6f6b291b1e7b8485,repo_summary.json
456,CodeGoat24,UnifiedReward,3c16510485bb9c924bfedc8b4d09c1b4e4f772ba,repo_summary.json
457,Ivan-Tang-3D,ENEL,bd60441788eda3c2199299a0dd3f12d3c62df568,repo_summary.json
458,syun88,VLA-from-FastVLM,5a8d56db80418fb2071f7f7747415ecc5d80727f,repo_summary.json
459,Seeed-Projects,jetson-examples,3328ea66fed254003ec161dfea48fb5a398c112a,repo_summary.json
460,bigsk1,voice-chat-ai,3368442f4115fff5f7f42e0c4a952c13f9b89e75,repo_summary.json
461,lucafoscili,lf-nodes,beebb1eae44330fbd701f56eb6cda2ab6ae1a07f,repo_summary.json
462,Ascend,MindSpeed-MM,afbb58ae1d3415c8a81b373037f639c8d1fbbb90,repo_summary.json
463,SafeRL-Lab,AccidentBench,4abe9d836d0b978f0d9a7953fc0546eefd1fb4ed,repo_summary.json
464,triton-inference-server,tutorials,2d829606c02d0adb8eaf43e53df799e0794b5b6a,repo_summary.json
465,Ganador1,FenixAI_tradingBot,6e12bb342f040f1a1c1b06ea6fa5c1bfd2d1efc1,repo_summary.json
466,galactic123,MFP,3e71b3b046618e9482ef741ef6be9da1f5f1dda7,repo_summary.json
467,Visual-AI,3DRS,0401f547778c5de2e9e889c0606442087128c13d,repo_summary.json
468,xuyang-liu16,MixKV,bf5ddc459597d2ea9fcd62482e54880409f9ec2a,repo_summary.json
469,thunlp,ChartCoder,47d965c971be15eebc5bd495c87efcfa34b2016a,repo_summary.json
470,yu-lin-li,DyToK,3c3cc52d71b53fe0bec12446239bc8b3e90f2e65,repo_summary.json
471,waybarrios,vllm-mlx,bd1d08fb7f99bdeb136d7379c3a8351537b8d6bd,repo_summary.json
472,lern-to-write,STC,a216a28fc140600890f16b6212faa278c0691ec3,repo_summary.json
473,agustif,llm-lmstudio,5a0efe55d122d61f4707df14175745144aca7302,repo_summary.json
474,intelligolabs,CoIN,26578fdbeac9b3826f493dd3344dfdf4e9c670fd,repo_summary.json
475,chrisjz,aiden,45609851bf27caa86c294c78c28a68c0bde1b3db,repo_summary.json
476,Keyvanhardani,german-ocr,b9f8312cf8f4b826d5ad06698e610b6967eb1ffb,repo_summary.json
477,fereenwong,cdViews,5b64ba3ea44e1253317466c90914efa8b442062a,repo_summary.json
478,gokayfem,ComfyUI_VLM_nodes,8bd18dd52bb4f09637f65def091908c557cc8b72,repo_summary.json
479,zaiquanyang,LLaVA_Next_STVG,d904f1a7e8e386694baa91698134fadc5f7b8f8c,repo_summary.json
480,NVIDIA-NeMo,Megatron-Bridge,c299283eca10d37e1081749a2f275c630dfc8101,repo_summary.json
481,lucidrains,pi-zero-pytorch,667d979d6409717200a79fad5b6ef5ad48bc08b5,repo_summary.json
482,hongbo-miao,hongbomiao.com,2c949b85edaa4dc6e7bf299e58a7299df943e7fd,repo_summary.json
483,vllm-project,llm-compressor,3f25fd114448fe16853e49e407e51f28b254daa2,repo_summary.json
484,open-edge-platform,anomalib,a38f19f493524b8c1508a44c1524bdfd61ef2e50,repo_summary.json
485,starVLA,starVLA,bc6af720b5311ec7f30a06ddc5621fa644bcfd8e,repo_summary.json
486,trycua,cua,7404c13e7736c668170afce36a0c5ddff4f4c534,repo_summary.json
487,r-vage,ComfyUI_Eclipse,5045d540fc0d1055ec6f29b1035ace691f85422e,repo_summary.json
488,NVIDIA-NeMo,NeMo,93950b796abb03695b2e37434769e7caa7335a17,repo_summary.json
489,InternLM,xtuner,8d569d5f61ba3aa70a34b28492bb4beee812d010,repo_summary.json
490,NVIDIA,Isaac-GR00T,d483f00b1c13116bda020bead9d16dca497b2f6d,repo_summary.json
491,modelscope,evalscope,1ab8fcaea0f6b6172610f8b9c4603f8d7905eb57,repo_summary.json
492,jarrycyx,openlens-ai,f4fc0621f9ef5128e7b0b39e3356cb871adb49ab,repo_summary.json
493,UKGovernmentBEIS,inspect_evals,80b12adcf8e9de124b5b4fb333bc92c0c074f796,repo_summary.json
494,NVIDIA-NeMo,RL,48dbb37970e4e5b50d5f6f684a1031d820350753,repo_summary.json
495,NVIDIA-NeMo,Curator,faff40f351c38dff20f22754b87c5e62b259cdb2,repo_summary.json
496,stanford-crfm,helm,26b9af43b761fe73d571fc5b7fe04e80698c9179,repo_summary.json
497,tier4,AWML,495df6daec857f40c8fe2349cf629e6d08a12a2e,repo_summary.json
498,YalaLab,rate-evals,561813881b4e956c04a6a5a14d4ff6f69ff5c926,repo_summary.json
499,opendilab,LightZero,8ec0169e73d3ad45bac4730f06bd270f5636fe77,repo_summary.json
500,linagora,openrag,efa103ff60e9f554d4845c30acd29a18b1fc68d5,repo_summary.json
501,RoboticsData,score_lerobot_episodes,a9955c0a174aab7d07f9cecc09bb6e61faa4e694,repo_summary.json
502,SanDiegoDude,SCG_LocalVLM,540bc9f8980f5ab60592761cddfc0ea7c352a5b2,repo_summary.json
503,fal-ai,arbiter,656b6689bdaea4f17afe7387f2d9f36e10867e32,repo_summary.json
504,Physical-Intelligence,openpi,bd70b8f4011e85b3f3b0f039f12113f78718e7bf,repo_summary.json
505,r-uben,deepseek-ocr-cli,1ad703378fb185bfad888fe7974a20c18f7122af,repo_summary.json
506,nvidia-cosmos,cosmos-predict2.5,3060c7fbc0397e0aca7108ade39eaf70676fed82,repo_summary.json
507,Vertax42,openpi,ce70ccbd92a548ae62619bfb438014644944e76a,repo_summary.json
508,linkedin,Liger-Kernel,6059dfb2158cf3399b27f2b124939aac8e4fcd31,repo_summary.json
509,filipstrand,mflux,d70c8edb8c2a5fe8a0d797c39c3cb7857012db4d,repo_summary.json
510,facebookresearch,dinov2,cf3c71a7244d92c2c7da54f6efc89588daaf6f34,repo_summary.json
511,jwest33,abliterator,6f87d1d0b8ba57c9d6d6a199f2bffb360c04ddbf,repo_summary.json
512,MIC-DKFZ,VoxTell,c40ad85f324ff26c9bb0fabd2a184a709b0f7032,repo_summary.json
513,NVIDIA-AI-Blueprints,rag,42962afb228a788ce234ce63c04f754049e74310,repo_summary.json
514,voxel51,fiftyone-plugins,22b98effca919552c84fab66f95314693ab36322,repo_summary.json
515,meteofrance,mfai,6de71012131ce2c82505deb0594a208c25361cd2,repo_summary.json
516,NVIDIA-AI-IOT,live-vlm-webui,7e726bfb76c2cdcfdfff6eee852ff41810ffc23a,repo_summary.json
517,jh941213,ollama-document-parser,22e19e96a796ffc3ad28cea5b2e889b39acf679e,repo_summary.json
518,allenai,DrawEduMath,396ce39240ddd6805ce68602b9675ea7b7cf7149,repo_summary.json
519,markl-a,My-AI-Learning-Notes,a0991e3243be331c841590f7b0dfa32c3b8c8577,repo_summary.json
520,PanocularAI,symphony-learn,a157d6fcee772a986f3a5cddf32702cd3b489a77,repo_summary.json
521,seanpedrick-case,doc_redaction,9ab85e08bc681c125a864cab138e1f37f1f48268,repo_summary.json
522,1038lab,ComfyUI-QwenVL,03e7dc48e6c183aafc20be9332235382aa5e0f2c,repo_summary.json
523,opendatalab,MinerU,eed479eb56bba93ee99c1a8c255d509bd2f837e5,repo_summary.json
524,kungfuai,CVlization,6c7e2824aa453250271d57563d8bfb32569e0960,repo_summary.json
525,microsoft,mscclpp,11b7b358321a97a596997143cef73d9fb77e3e1c,repo_summary.json
526,fblissjr,heylookitsanllm,e583e329b58f5bd109114aaf7f4c661fa8e0159d,repo_summary.json
527,vlm-run,vlmrun-hub,55b534d87980aaca55fba28a4a6062a58f8f01ab,repo_summary.json
528,kijai,ComfyUI-Florence2,6c766b13f4908a86cfbd6357d6d485c80e0f3a2f,repo_summary.json
529,jzhzhang,Uni-NaVid,79ef5ea3fea14c205342d1ab070563d84c7a966a,repo_summary.json
530,IntelLabs,blueglass,869a1f3d2b132b6a31f7b71032b31f11f396ebf5,repo_summary.json
531,Traffic-Alpha,awesome-V2X,959974a2c4790c47ea42c997ca304b255862feb1,repo_summary.json
532,z-lab,flash-colreduce,57379034bcb9b90391fe178c96e7de19f7433bb6,repo_summary.json
533,opendatalab,mineru-vl-utils,2c41db4a0e7b00de38aca087591b112469b39c39,repo_summary.json
534,sii-research,siiRL,297950ae5429ff6b35e7ae38b2c608bcf0cfe18d,repo_summary.json
535,InternRobotics,InternNav,b654fbbe2f7a298a3d8263928ce67a4b9ac30b09,repo_summary.json
536,PozzettiAndrea,ComfyUI-Grounding,8a8c0dbc26f6644c662be3e55c8ba5c802b34c6b,repo_summary.json
537,vlm-run,vlmrun-python-sdk,e49fd1e6bdf4aa45962d704a1d4c04790e00aefe,repo_summary.json
538,tihado,AMD_Robot_Hackathon,8ccf9c2717c6aecbbd6a127a05d8ca71c3973bf2,repo_summary.json
539,IliaLarchenko,behavior-1k-solution,3327cab42815e37dac72b3c910e4dbe004495a66,repo_summary.json
540,PaddlePaddle,PaddleOCR,da4639650edbb98e85b1050495e2c8eb3a027abf,repo_summary.json
541,kanishkamisra,minicons,b7e0a82cb4c22ac0b3871ded0ab445fca5d63a54,repo_summary.json
542,qtzx06,gclear,951de9fc7e9e200427b9618337fab295d1898c9e,repo_summary.json
543,Thinklab-SJTU,DriveMoE,5830174b3ce15c98211b4274b1b4d78ea70150b0,repo_summary.json
544,Marker-Inc-Korea,KO-VLM-Benchmark,1c786dca65dd02698f0c4bde80513efce229d8df,repo_summary.json
545,allenai,olmocr,b274e893d7d80f7063b52e1de357170b4beb7262,repo_summary.json
546,Robotics-STAR-Lab,ApexNav,d0575ab1d95c0c8bf40ca31e5fd8d49da18cd4fe,repo_summary.json
547,ZhiyingDu,HiMoE-VLA,27a2c46932d8b6373ca0074eb997f299bcd4f6f5,repo_summary.json
548,PaddlePaddle,ERNIE,9658b15012103b3a22c5732942ff903d49351b7a,repo_summary.json
549,cagataycali,strands-robots,6bafb0f6a5a6bb039380254a8d2063f8a7fadb6d,repo_summary.json
550,microsoft,VITRA,e1d5e1cb94c26f9f3034bd660b42bcc1ff35c0cf,repo_summary.json
551,VAGOsolutions,sauerkrautlm-colpali,dd525fe64d81434eb000f5ef4afa5417105baa98,repo_summary.json
552,onkernel,kernel-oagi,706bd4be5ad54b2f8763f5b82bc6febe7b39825f,repo_summary.json
553,be2rlab,km-vipe,04941f83d5fdd95676d935a55b6486418e6bbe7f,repo_summary.json
554,Liquid4All,leap-finetune,1af6122aac9e3ba2cf2c821a912f15e1fac808ef,repo_summary.json
555,guanweifan,RoboNeuron,f4b2a705380050a76765583251490b2cc5c6e173,repo_summary.json
556,OpenMind,OM1-modules,eed03c9ccaf00641c706404e32f5b161804512a8,repo_summary.json
557,kossisoroyce,train_grpo.py,5b3748922917df9a06ae333f183b6b943539cb65,repo_summary.json
558,SpikeAgent,SpikeAgent,ec93b5a2c62a43dd992c026643366f3d00e0d3c8,repo_summary.json
559,Agent-One-Lab,AgentFly,8a9d8c9902d79cb9f3c4eacdfd5e021e02640143,repo_summary.json
560,chasemetoyer,gameplay-vision-llm,2818584648e34264afe188035a7922bc86037821,repo_summary.json
561,Koko-boya,Comfyui-Z-Image-Utilities,611b6ad9808835af5a2fe7f247cca1151e4fe942,repo_summary.json
562,langfengQ,verl-agent,373e6b221cd88db45a1d303da5dd7871630efe09,repo_summary.json
563,KU-AIVS,Dobot_Pi,3f223280c3b96f00b444b705c012441b2f87ba5d,repo_summary.json
564,OpenHelix-Team,HiF-VLA,a1a25e5641cd499d41f722ec2ef6ea35d35febad,repo_summary.json
565,Mungeryang,colqwen3,f460112d6cd75dacf26372b207eb56843e8005b1,repo_summary.json
566,mwc360,LakeBench,1b0223c7facb612caa7187a74848f0906f8260c0,repo_summary.json
567,tsiendragon,qwen-image-finetune,5019d46278555e154b035ea9e5811502441223b9,repo_summary.json
568,MNeMoNiCuZ,ComfyUI-mnemic-nodes,792715fd32c76cbacefdcf58fcceb6fc77d57074,repo_summary.json
569,Fsoft-AIC,LibMoE,52fa34981f008b26aee89eff1be608b676b63b21,repo_summary.json
570,haosulab,ManiSkill,c9ec2b10017bd8cd8cf279d035393a54b58a4a4c,repo_summary.json
571,ZYangChen,openvla,424fc4d5f27d3f73cb01f913dfe340920b6d6d5e,repo_summary.json
572,X-Square-Robot,wall-x,05b6d8dcf79b68be47344a71ae99ba43f425b962,repo_summary.json
573,JiuTian-VL,CogVLA,cd6d270b618011f61d7e0731feec66c5a244cc38,repo_summary.json
574,HorizonRobotics,alf,8a3b37e9617def146634a109569e6171e7d0fbb0,repo_summary.json
575,gokayfem,ComfyUI-fal-API,809cf424b44f40c0211d579a8462e0c4c93b4905,repo_summary.json
576,TinyLoopX,RLLaVA,0c73645d2a7b07344c72a3d9df347c9ada565152,repo_summary.json
577,JJJYmmm,Multimodal-RoPEs,c8d382355b9c8ffde62fe2547fd6e9c91383a8d0,repo_summary.json
578,Zxy-MLlab,BadVLA,ae0480301a791be470f1ce61bedc0fc49e44a88e,repo_summary.json
579,LiAutoAD,LightVLA,3d4d48e7c5bb750660f3324fc1e26dbaa1134c55,repo_summary.json
580,NHirose,OmniVLA,ada71e9c01cdc99920f6645b48f53257e2687bd0,repo_summary.json
581,roboflow,maestro,f394fce0b2c2fe98b3f457ad5abb61a9c7e88c7b,repo_summary.json
582,lee101,stock-prediction,a941985bcede694bfacf9651e80da9e92179675b,repo_summary.json
583,MICS-Lab,thunder,9d402e59d01d97f38e490007b537aed9c7c5d2eb,repo_summary.json
584,moonmath-ai,cosmos-predict2.5-moon,8e2de87f3df9f8d12bd4d0fe26e752da5a31b5f1,repo_summary.json
585,AdaptVision,AdaptVision,e8b1fa3df4a71892b8e2daed292ef10fc60c455a,repo_summary.json
586,MalvinaNikandrou,mafed,1899a5796131737f33a7633249d23bbf1c1c9e63,repo_summary.json
587,openvino-book,PaddleOCR-VL-SFT-for-Japanese-Manga-on-RTX-3060,025766e1c77031dc798223751c98258b299e07fe,repo_summary.json
588,KE7,graid,e2306a089115b6f5453dd7d32eb0b677d727ec76,repo_summary.json
589,alanagoyal,ghostbusters,ce525947d80af1df821368043f02f9eb170467a5,repo_summary.json
590,ShenSheiBot,pdf2epub,d00f540bb66411632d86c0b87fb16a2aaffc3782,repo_summary.json
591,LivSynRobotic,RealDualVLA,b23561626c567dcad8f6dbfcd36e36a217ab1e00,repo_summary.json
592,kozistr,pytorch_optimizer,1b1313b04f95b0f65a13d0be9257385497f63e37,repo_summary.json
593,Dexmal,dexbotic,0e89d15b7f659bffc4f397a2aa72169726de5ca7,repo_summary.json
594,NVIDIA-NeMo,Automodel,4e9d32b599ab84501bb8964e601285e4adc3dc70,repo_summary.json
595,bghira,SimpleTuner,d189a49c212fb684a9c697267c636d2a5366e05d,repo_summary.json
596,shell-nlp,gpt_server,8fad613be165f5a79d64ac93ceb0d4a8b4cac990,repo_summary.json
597,stephansturges,Tator,cef28599ba6f01a046215b07b29391bc226aa3fa,repo_summary.json
598,amir84ferdos,ComfyUI-ArchAi3d-Qwen,5d3012c0b2a9618c2242a5cbbd9ab77979914716,repo_summary.json
599,gmum,FlySearch,bd3dcb62dbdf23c1cddd86975a57268bc1818c83,repo_summary.json
600,Project-N-E-K-O,N.E.K.O,5e85e4d32ae6c5cb87023baceaf4340f01ed47ba,repo_summary.json
601,modelscope,DiffSynth-Studio,11315d7a40fb645f7806298e50613ab6663912fa,repo_summary.json
602,ZhiHui6,zhihui_nodes_comfyui,e39c46013a70968aea1ed1e17fbd74259be1c20b,repo_summary.json
603,NotPunchnox,rkllama,5a1333911dce9b056709330ad672d29718cf9b3a,repo_summary.json
604,oidlabs-com,Lexoid,586e8c942917eb2d3f9a037ef636ab2d12644c96,repo_summary.json
605,datalab-to,chandra,cba67c6d15160b80233a32507dfbcebcb9205765,repo_summary.json
606,modelscope,modelscope,a7f50d45164cfaa3f8797d05a63a039eb7163fd0,repo_summary.json
607,mochenya,certificate-analyzer-VLM,b74e83bbcf066352aa4e90a33c537d2cf9dc9e51,repo_summary.json
608,vllm-project,speculators,b3f6b104e828178bb537d4ac80f01f49dbfc8bc4,repo_summary.json
609,douglas125,SelfTestingGAT_LLM,448b1a8eb6d0d93f5a950d84e3e3d8aaaa6ea794,repo_summary.json
610,togethercomputer,together-python,137b84e5127308dd709dad22a6274f4d15286f43,repo_summary.json
611,lpalbou,AbstractCore,5bfd9a86fcf91751182471a8de9f1d1f1a6a8189,repo_summary.json
612,WingeD123,ComfyUI_QwenVL_PromptCaption,d28e64840735516e52bede20f10889bc01f11dc4,repo_summary.json
613,SwanHubX,SwanLab,fc0890ee9ec56b13c410090a17deb0fe3f0d40d5,repo_summary.json
614,Wan-Video,Wan2.2,81e67351b81197330c9533e7f345233e7702b44a,repo_summary.json
615,paolaoshi,ComfyUI-Qwen3VL-DP,6374d908a6fd93b3edeca5a47620be6054d1df1f,repo_summary.json
616,paolaoshi,ComfyUI-Sa2VA-DP,5ca51db3f82dc8af26498a2e9fd4278e51bd37d5,repo_summary.json
617,pwspen,nuggetbench,d6860bf76099652b68eed0adc85d6e8eff77baab,repo_summary.json
618,CodeGoat24,Pref-GRPO,32decc4c6f3df15d0fd5f5d605c98c8cf9b7cbb7,repo_summary.json
619,Ltamann,ComfyUI-TBG-ETUR,dedee5cd15c69222b1de4e1cc8a867c331fc499f,repo_summary.json
620,huggingface,xet-core,b370cbea1058a72f3ee3d735765d1eedb1d0b174,repo_summary.json
621,NVIDIA-NeMo,Export-Deploy,c7e272779137adc2ecd7e5d29d85b00c723fcd35,repo_summary.json
622,Wan-Video,Wan2.1,ae487cc653b4a1791fec8201af20d2102a2514f3,repo_summary.json
623,YWenxi,think-with-images-through-self-calling,fd872eebca5157f570de062c23a5336baf3de8ad,repo_summary.json
624,william-murray1204,stable-diffusion-cpp-python,91bb5c4f508a18f0b9e90c799345e4435d7369b4,repo_summary.json
625,SlimeBoyOwO,LingChat,31b13e0393579bdf823374acece66834e0ed75a2,repo_summary.json
626,ISEEKYAN,mbridge,afc2fadec5586fd91dc60bd3b0ade6e858d5fe36,repo_summary.json
627,bytedance,mammothmoda,fea0a51c88e50c73bf759a924d121587226a1e11,repo_summary.json
628,PKU-Alignment,VLA-Arena,f1d7585dcc6c959de47526b1b26656434994677c,repo_summary.json
629,SYuan03,MM-IFEngine,af6430c6e0bd9ad81cceeaf4062257d8854e9626,repo_summary.json
630,GeneralUserModels,pack,ccdb66d1b1332c0f9d1c8a65a77396e2110b7861,repo_summary.json
631,eole-nlp,eole,43101dc10808d28a359b1b6691a456df2fe8a527,repo_summary.json
632,xhguo7,PAPO-Eval,b57d909f49f707f8913cf5064b9da2b50575970d,repo_summary.json
633,aiming-lab,SynthAgent,66e9605330ec013a002e89d93b2e63c81b25bc8a,repo_summary.json
634,smthemex,ComfyUI_OmniSVG,78292d5d7d17f4dd75238083a5c0d7b482a954dc,repo_summary.json
635,InternLM,ARM-Thinker,b70dfe967941450d88f8a8ce526f85af87e2c624,repo_summary.json
636,MizzenAI,HPSv3,bd0c5fcb5f587617b0169c07222ab78d01e2f3c2,repo_summary.json
637,collabora,gst-python-ml,02f2935d4e9757b21d302d8b6a3a9f6f76ba1eff,repo_summary.json
638,docling-project,docling,150fe90728b1719b6a59e2ed058ec026d573d04b,repo_summary.json
639,FudanCVL,Ref-SAM3D,95d4083d19d3aa6efb8bf56bfbedbfe482d10d5b,repo_summary.json
640,MadeAgents,mobile-use,14608994feb5e4a0c5c8242882eb993ec64a85cc,repo_summary.json
641,linancn,TianGong-AI-Unstructure-Serve,83c8377ec8cd91e7e70e83149ff015a8c9c2fa40,repo_summary.json
642,PaddlePaddle,FastDeploy,d6574556169e4da8a55cc3d44d505cf7a8c3f79c,repo_summary.json
643,rllm-org,rllm,1a5bcdf57c79f2ac67dc5d9f2397d0be94169ede,repo_summary.json
644,keta1930,mcp-agent-graph,1e0f983701e4a11d1e7d89983d0ea025ef45ca80,repo_summary.json
645,CursorTouch,Android-MCP,02f8d997328a8f2e5f5fd094aa4bbf5ca17423fb,repo_summary.json
646,pollen-robotics,reachy_mini_conversation_app,fc5123651cf50582d2b073b1779b37c26232e5cc,repo_summary.json
647,OpenMind,OM1,2c2615b14d0ca05530e0ed50ca9ffd7a3aa6442a,repo_summary.json
648,camUrban,PteraSoftware,6a10acd142055a36b1ce14e444a656fc2a2c8a76,repo_summary.json
649,EleutherAI,lm-evaluation-harness,69ecd0b929701d346c1119d5cd0563ade4ab3536,repo_summary.json
650,opendatahub-io,data-processing,bd734dfd1cda4ada867ce43b34aeead5cf4c3fda,repo_summary.json
651,bytedance,Dolphin,fcbf0334a9eaea4265f9b8d5c952198fb6bdb915,repo_summary.json
652,alibaba,ROLL,c7e897d41cff9449088e8f8403d44cbc24fcf4ca,repo_summary.json
653,nvidia-cosmos,cosmos-xenna,789c2d2184c220abe93b2e4e9f0fdf04b942def6,repo_summary.json
654,ServiceNow,BrowserGym,254938baf1e7eec7069c873d7292a49d21ca349c,repo_summary.json
655,Bria-AI,ComfyUI-BRIA-API,80332ca13c6efe1f402dbe0bdeb7faeda28506ae,repo_summary.json
656,mzau,mlx-knife,86f669dc8279cfa34f28e54975bb341751a8c3a3,repo_summary.json
657,B-Beginner,MULTI-OCR-SDK,4336e1c0c2a223476946f296769c77ad28337fcd,repo_summary.json
658,magicyuan876,mineru-tianshu,d74d3082d89cc5b637731c57a5108998b2ab8d52,repo_summary.json
659,deepsense-ai,ragbits,c8487b2e01cd72966062b99a68007b0d9cc49fda,repo_summary.json
660,aidriventesting,Agent,52ff806c145524e3199278cd8a16e54c4fd2f2b6,repo_summary.json
661,Pseudo-Lab,TableMagnifier,0c445f2421409846fbdcd0492bb45acd5f980b57,repo_summary.json
662,GetStream,Vision-Agents,b5649a8998622d01eeb0c351d680f550bdc450fe,repo_summary.json
663,BukeLy,rag-api,f7e2565a6faa09c79be1148c9087ba34841ae066,repo_summary.json
664,matt-seb-ho,arc_memo,e2598f1c093a4ddd8c871bd949e6a425d70f0fa7,repo_summary.json
665,RoboticSJTU,UniDomain,b4c7a4c99d710a082c346cc44849d4f3f10418e9,repo_summary.json
666,HKUDS,ViMax,c0e0694a397cb9903ead57d46372d377e23042bf,repo_summary.json
667,jxjo,PlanformCreator2,53bb03d14c9566a96e43ac6a4c02cf57d610390a,repo_summary.json
668,damianomarsili,VALOR,cf2442b4485eada8fdade3ebc14040e300317486,repo_summary.json
669,stanford-crfm,lm-evaluation-harness,a067ec90e07e9b5f6cdd717f14b8071c4d9c9836,repo_summary.json
670,yawiii,comfyui_prompt_assistant,b08c8e1f17005f3e8e5a8fdce965eca2a5261a6e,repo_summary.json
671,CraftJarvis,OpenHA,2127a3448831aad52dadc19f70c7d1b5d21a5fe0,repo_summary.json
672,DataArcTech,RAG-ARC,f1f37bc149eb5ef6d10d13aae5a12c303fd17679,repo_summary.json
673,SearchSavior,OpenArc,14dec900ac34ec72d75249c04820eefe223f5ff6,repo_summary.json
674,luisleo526,doc2mark,031eaf3987798c713f9c65c82331a717bb5d5c44,repo_summary.json
675,HKUDS,RAG-Anything,047423ec354e6c20a787c81e0de89f9e57b83533,repo_summary.json
676,chflame163,ComfyUI_LayerStyle,ca07ce8edf8342abbe2485cbec88b239aac480e0,repo_summary.json
677,rezaho,MARSYS,c94cf67316a55a34f6ec83403b26b923839069d7,repo_summary.json
678,ru4ls,ComfyUI_StreetView-Loader,d18338ee3927783222fdca1d57dc95fba672d308,repo_summary.json
679,TeenLucifer,llm_base,91e49ba967673d2e8c1b312821079d3b7baa950b,repo_summary.json
680,score-technologies,score-vision,a21c7dd4028c311288d744978f30c7981ec84870,repo_summary.json
681,MiliLab,PEARL,9ffb97415e8da6e56f45891fe3301f826ebe5d99,repo_summary.json
682,microsoft,debug-gym,1665bbd55119e2b6d5e0004a59f691b24635b6e1,repo_summary.json
683,RapidAI,RapidDoc,5411341f0afc6fcc4d39fb16606de2ddfbdbd361,repo_summary.json
684,NVIDIA,TensorRT-LLM,0b279f4ad4b9c2842cb79e1a45754ec1fd51646a,repo_summary.json
